{"cameraMode":{"drawMode":0,"name":"Shaded","section":"Shading Mode"},"sceneLighting":true,"audioPlay":false,"sceneViewState":{"m_AlwaysRefresh":false,"showFog":true,"showSkybox":true,"showFlares":true,"showImageEffects":true,"showParticleSystems":true,"showVisualEffectGraphs":true,"m_FxEnabled":true},"in2DMode":false,"pivot":{"x":6.255223274230957,"y":-8.541698455810547,"z":-6.536764144897461},"rotation":{"x":0.062021899968385699,"y":0.9354956150054932,"z":-0.20821306109428407,"w":0.27866387367248537},"size":15.621939659118653,"orthographic":false}